{
  "project_info": {
    "project_number": "31289417415",
    "project_id": "dzstore-e6482",
    "storage_bucket": "dzstore-e6482.appspot.com"
  },
  "client": [
    {
      "client_info": {
        "mobilesdk_app_id": "1:31289417415:android:832605471193a86d15e8e2",
        "android_client_info": {
          "package_name": "com.example.dzstore"
        }
      },
      "oauth_client": [
        {
          "client_id": "31289417415-vrsqt36srkca4t2mm42189mok4q7nols.apps.googleusercontent.com",
          "client_type": 3
        }
      ],
      "api_key": [
        {
          "current_key": "AIzaSyAd_2Q_DIxGHdmCU0R0jeB_pvuPUaxER2k"
        }
      ],
      "services": {
        "appinvite_service": {
          "other_platform_oauth_client": [
            {
              "client_id": "31289417415-vrsqt36srkca4t2mm42189mok4q7nols.apps.googleusercontent.com",
              "client_type": 3
            }
          ]
        }
      }
    }
  ],
  "configuration_version": "1"
}